year,flood_control,waterfire,fc_combined_with_waterfire,test,fc_hours_closed,waterfire_hours_closed,fc_pump_runs,fc_closures_no_pumps,max_peak_outside_fc,max_outside_date,max_peak_inside_fc,max_inside_date
2010,15,0,0,0,47.1,,18,4,7.5,2010-03-30,6.8,2010-03-30
2011,13,5,0,7,42.4,7.0,17,0,8.39,2011-08-28,6.73,2011-04-17
2012,14,7,0,6,60.5,56.8,18,0,9.47,2012-10-29,6.79,2012-06-04
2013,4,2,0,6,8.4,18.0,2,2,6.87,2013-07-23,6.85,2013-07-24
2014,2,6,0,2,5.4,45.7,2,1,7.19,2014-08-13,6.88,2014-09-11
2015,7,6,0,2,23.6,40.5,8,0,7.69,2015-09-30,7.06,2015-02-19
2016,16,4,0,0,49.8,39.8,17,0,7.76,2016-02-09,6.88,2016-04-07
2017,5,6,1,0,18.8,47.1,6,0,7.17,2017-05-25,6.86,2017-05-26
2018,10,4,0,0,32.9,33.0,11,0,7.81,2018-03-03,6.8,2018-03-03
2019,6,5,0,0,14.6,37.8,6,0,7.06,2019-01-20,6.8,2019-01-20
2020,7,0,0,1,20.2,,7,0,7.34,2020-05-07,6.9,2020-09-30
2021,6,0,0,0,15.8,,6,0,7.79,2021-01-16,7.6,2021-01-16
2022,3,0,0,0,13.2,,4,0,9.38,2022-12-23,6.76,2022-01-17
2023,2,1,0,2,,,3,0,9.37,2023-12-18,7.14,2023-12-18
2024,3,1,0,2,15.3,3.4,9,0,8.49,2024-01-13,7.28,2024-01-10
2025,0,0,0,1,,,0,0,,,,
