year,sheet_year,row_no,type,date,closed,opened,hours_closed,pumps_run,n_pumps,pump_times,peak_outside_mllw,peak_inside_mllw,baro_inhg,river_flow_cfs,remarks,flag
2010,2010,1,FC,2010-02-26,03:25,08:25,5.0,4,1,,7.4,5.7,29.04,,Ran pump 4,2010 sheet has no type column; numbered operation read as FC
2010,2010,2,FC,2010-02-26,18:00,19:30,1.5,1 4,2,,6.7,6.4,29.35,,Ran pumps 4 & 1,2010 sheet has no type column; numbered operation read as FC
2010,2010,3,FC,2010-02-27,06:48,09:16,2.47,4,1,,6.6,6.23,29.41,,Ran pump 4,2010 sheet has no type column; numbered operation read as FC
2010,2010,4,FC,2010-03-01,19:20,23:15,3.92,3,1,,7.2,6.7,29.63,,Ran pump 3,2010 sheet has no type column; numbered operation read as FC
2010,2010,5,FC,2010-03-29,07:10,09:20,2.17,2,1,,6.8,6.4,29.93,,Ran pump 2,2010 sheet has no type column; numbered operation read as FC
2010,2010,6,FC,2010-03-29,18:45,22:50,4.08,2 4,2,,7.1,6.59,29.75,,Ran pumps 4 & 2,2010 sheet has no type column; numbered operation read as FC
2010,2010,7,FC,2010-03-30,08:15,09:30,1.25,2 3 4,3,,7.0,6.8,29.64,,"Ran pumps 4, 3 & 2",2010 sheet has no type column; numbered operation read as FC
2010,2010,8,FC,2010-03-30,19:05,00:38,5.55,2 3 4,3,,7.5,6.8,29.4,,"Ran pumps 3, 2 & 4",2010 sheet has no type column; numbered operation read as FC
2010,2010,9,FC,2010-04-27,18:30,22:40,4.17,,1,,6.76,6.47,29.34,,,2010 sheet has no type column; numbered operation read as FC
2010,2010,10,FC,2010-05-27,19:40,20:20,0.67,,0,,6.11,6.08,29.81,,,2010 sheet has no type column; numbered operation read as FC
2010,2010,11,FC,2010-09-08,07:30,09:55,2.42,,0,,6.67,6.58,29.72,24,,2010 sheet has no type column; numbered operation read as FC
2010,2010,12,FC,2010-09-09,08:24,11:24,3.0,,0,,6.9,6.34,29.67,24,,2010 sheet has no type column; numbered operation read as FC
2010,2010,13,FC,2010-09-10,09:01,11:59,2.97,,0,,6.65,6.02,29.75,23,,2010 sheet has no type column; numbered operation read as FC
2010,2010,14,FC,2010-10-07,07:00,10:50,3.83,3 4,2,,7.17,6.7,29.7,163,Ran pumps 3 and 4,2010 sheet has no type column; numbered operation read as FC
2010,2010,15,FC,2010-11-05,06:25,10:32,4.12,,1,,7.14,6.64,29.32,133,Ran Pump 3,2010 sheet has no type column; numbered operation read as FC
2011,2011,,T,2011-03-10,,,,1 3 4,3,,,,,,"Pump testing day, Pump 2 would not start. Pump 5 offline for rehab.",
2011,2011,,T,2011-03-16,,,,2,1,,,,,,Pump 2 fixed and ran for 10 min,
2011,2011,1,FC,2011-04-17,06:53,10:25,3.53,2 4,2,,7.11,6.73,29.44,917,,2011 sheet marks only T and W; numbered storm row read as FC
2011,2011,2,FC,2011-05-15,17:54,21:55,4.02,2,1,,6.95,6.43,29.62,85,,2011 sheet marks only T and W; numbered storm row read as FC
2011,2011,3,FC,2011-05-17,20:18,22:52,2.57,2 3 4,3,,6.46,6.49,30.08,153,,2011 sheet marks only T and W; numbered storm row read as FC
2011,2011,4,FC,2011-05-18,20:15,22:45,2.5,3,1,,6.4,5.8,30.08,135,,2011 sheet marks only T and W; numbered storm row read as FC
2011,2011,,T,2011-05-26,10:50,11:59,1.15,3,1,,,,,,Quarterly test - Training for crew,
2011,2011,,W,2011-05-28,18:00,01:00,7.0,,,,,,,86,Waterfire,
2011,2011,5,FC,2011-06-13,18:13,20:47,2.57,4,1,,6.43,6.48,29.87,131,,2011 sheet marks only T and W; numbered storm row read as FC
2011,2011,,T,2011-06-23,,,,2 3 4,3,,,,,,Tested pumps for Periodic Inspection,
2011,2011,,T,2011-08-08,,,,1,1,,,,,,Testing of pump #1 only,
2011,2011,,T,2011-08-23,14:30,15:26,0.93,5,1,,,,,,Testing of Pump #5 start of 6 hr test after rehab,
2011,2011,6,FC,2011-08-28,05:50,11:12,5.37,2 3,2,,8.39,6.06,,,Hurricane Irene,2011 sheet marks only T and W; numbered storm row read as FC
2011,2011,,T,2011-08-28,08:40,12:44,4.07,5,1,,,,,,Testing of Pump #5 resume 6 hr test for rehab,date out of sequence on the sheet
2011,2011,7,FC,2011-08-28,18:50,20:48,1.97,3,1,,6.52,5.83,,,Hurricane Irene 2nd tide,2011 sheet marks only T and W; numbered storm row read as FC
2011,2011,,W,2011-09-10,,,,,,,,,,,Waterfire,
2011,2011,,W,2011-09-16,,,,,,,,,,,Waterfire,
2011,2011,,W,2011-09-24,,,,,,,,,,,Waterfire,
2011,2011,8,FC,2011-09-28,08:17,11:48,3.52,2,1,,7.15,6.57,,,,2011 sheet marks only T and W; numbered storm row read as FC
2011,2011,9,FC,2011-09-29,09:06,12:48,3.7,2,1,,7.27,6.56,,,,2011 sheet marks only T and W; numbered storm row read as FC
2011,2011,10,FC,2011-09-30,10:00,13:25,3.42,2,1,,6.84,6.5,,,,2011 sheet marks only T and W; numbered storm row read as FC
2011,2011,11,FC,2011-10-01,11:25,14:18,2.88,2,1,,6.8,6.6,,,,2011 sheet marks only T and W; numbered storm row read as FC
2011,2011,,W,2011-10-08,,,,,,,,,,,Waterfire,
2011,2011,12,FC,2011-10-26,07:30,10:03,2.55,2,1,,6.64,6.51,29.95,210,,2011 sheet marks only T and W; numbered storm row read as FC
2011,2011,13,FC,2011-10-27,07:43,11:30,3.78,3,1,,7.1,6.49,29.62,207,,2011 sheet marks only T and W; numbered storm row read as FC
2012,2012,,T,2012-02-07,,,,4 5,2,,,,,,"Periodic test, ran pumps 4 and 5 for 10 min","2 pump marks packed together; pump numbers not readable, pump numbers taken from the remark"
2012,2012,,T,2012-02-08,,,,2,1,,,,,15,"Periodic test, ran pump 2 for 10 min",
2012,2012,1,FC,2012-04-06,20:01,22:56,2.92,5,1,,6.72,6.56,29.91,44,,
2012,2012,2,FC,2012-04-07,20:05,22:35,2.5,4,1,,6.95,6.5,29.98,42,,
2012,2012,3,FC,2012-04-08,21:16,00:41,3.42,4,1,,6.74,6.58,29.63,37,,
2012,2012,4,FC,2012-05-04,18:51,21:23,2.53,2,1,,6.57,6.32,29.91,94,,
2012,2012,5,FC,2012-05-06,20:35,23:30,2.92,4,1,,6.74,6.59,30.07,96,,
2012,2012,,W,2012-05-26,13:00,24:00,11.0,,,,,,,110,Waterfire,
2012,2012,,W,2012-06-01,20:30,24:00,3.5,,,,,,,63,Waterfire,
2012,2012,6,FC,2012-06-02,17:23,21:00,3.62,4,1,,7.3,6.3,29.67,314,,
2012,2012,7,FC,2012-06-03,19:15,22:10,2.92,5,1,,6.94,6.6,29.64,187,,
2012,2012,8,FC,2012-06-04,20:00,23:58,3.97,5,1,,7.37,6.79,29.75,153,,
2012,2012,9,FC,2012-06-05,20:54,00:15,3.35,2,1,,7.2,6.57,29.91,107,Gates opened at 00:15 on 06 June,
2012,2012,,W,2012-06-09,14:39,01:55,11.27,,,,,,,,Waterfire,
2012,2012,,T,2012-06-30,,,,1,1,,,,,,6-hr test of newly overhauled Pump #1,
2012,2012,,T,2012-07-19,,,,2 4 5,3,,,,,,"Periodic test, ran pumps 2, 4 & 5 for 20 min","3 pump marks packed together; pump numbers not readable, pump numbers taken from the remark"
2012,2012,,W,2012-09-15,20:00,01:00,5.0,,,,,,,24,Waterfire,
2012,2012,,T,2012-09-19,,,,2 4 5,3,,,,,15,"Periodic test, ran pumps 2, 4 & 5 for 10 min","3 pump marks packed together; pump numbers not readable, pump numbers taken from the remark"
2012,2012,,W,2012-09-20,14:15,22:00,7.75,,,,1.35,3.03,,53,Waterfire,
2012,2012,,W,2012-09-29,20:58,01:44,4.77,,,,5.1,,,,Waterfire,
2012,2012,,W,2012-10-06,12:15,01:45,13.5,,,,,,,,Waterfire,
2012,2012,10,FC,2012-10-19,10:31,12:42,2.18,2 4,2,,6.78,6.57,,,,
2012,2012,11,FC,2012-10-29,05:10,22:10,17.0,,2,,9.47,5.93,29.5,325,HURRICANE SANDY,"2 pump marks packed together; pump numbers not readable, count only"
2012,2012,12,FC,2012-10-30,06:52,10:52,4.0,5,1,,6.66,6.42,,,,
2012,2012,13,FC,2012-12-21,12:27,15:45,3.3,,2,,6.92,5.87,,,,"2 pump marks packed together; pump numbers not readable, count only"
2012,2012,14,FC,2012-12-27,04:50,10:40,5.83,,2,,7.24,6.27,29.4,220,,"2 pump marks packed together; pump numbers not readable, count only"
2012,2012,,T,2012-12-28,,,,,3,,,,,,Pump Testing w/ Contractor Rep.,"3 pump marks packed together; pump numbers not readable, count only"
2013,2013,1,FC,2013-01-12,08:30,10:35,2.08,4,1,,6.8,6.6,,,Confirm the pump used,
2013,2013,,T,2013-01-14,,,,5,1,,,,,,,
2013,2013,,T,2013-01-25,,,,4,1,,,,,,,
2013,2013,,T,2013-02-07,,,,2 5,2,,,,,,,
2013,2013,,T,2013-03-07,,,,,4,,,,,,Test run four river pumps,"4 pump marks packed together; pump numbers not readable, count only"
2013,2013,,T,2013-04-16,,,,1 2 3 4 5,5,,,,,,Test run four river pumps,"five packed marks read in order as pumps 1-5 | remark says 4 pump(s), X marks [1, 2, 3, 4, 5]"
2013,2013,,T,2013-05-08,,,,4,1,,,,,,,
2013,2013,2,FC,2013-07-22,20:11,22:53,2.7,4,1,,6.84,6.8,,,,
2013,2013,3,FC,2013-07-23,20:42,23:00,2.3,,0,,6.87,6.8,,,No river pumps operated,
2013,2013,4,FC,2013-07-24,09:35,10:54,1.32,,0,,6.85,6.85,,,No river pumps operated,
2013,2013,,W,2013-09-28,15:30,24:00,8.5,,,,,,,,Waterfire Event,
2013,2013,,W,2013-11-09,13:30,23:00,9.5,,,,,,,,Waterfire Event Veterans Day,
2014,2014,,T,2014-05-28,,,,1 2 4 5,4,,,,,,"Test run four river pumps, Pump 3 being rehabbed.",five packed marks read in order as pumps 1-5
2014,2014,,T,2014-06-04,,,,1 5,2,,,,,,Test run two river pumps,
2014,2014,,W,2014-07-12,18:55,23:54,4.98,,,,,,,,,
2014,2014,,W,2014-08-09,17:58,21:32,3.57,,,,,,,,,
2014,2014,,FC,2014-08-13,09:15,12:40,3.42,,2,,7.19,6.78,29.78,1720,,"2 pump marks packed together; pump numbers not readable, count only"
2014,2014,,W,2014-09-04,17:25,01:00,7.58,,,,,,,,,
2014,2014,,FC,2014-09-11,10:00,11:58,1.97,,0,,6.86,6.88,29.9,14,No pumps,
2014,2014,,W,2014-09-19,17:26,01:20,7.9,,,,,,,,,
2014,2014,,W,2014-10-11,11:27,23:24,11.95,,,,,,,,,
2014,2014,,W,2014-11-29,14:26,00:10,9.73,,,,,,,,,
2015,2015,1,FC,2015-02-19,08:12,10:03,1.85,3,1,,7.07,7.06,,86,,
2015,2015,2,FC,2015-04-20,20:55,01:02,4.12,3,1,,7.06,6.47,,400,,
2015,2015,3,T,2015-05-04,,,,1 3 4 5,4,,,,,,Pumps run to load test one replaced service line,
2015,2015,4,W,2015-05-29,19:00,24:00,5.0,,,,,,,,Waterfire,
2015,2015,5,T,2015-06-08,,,,1 3 4 5,4,,,,,,Pumps run to load test 2nd replaced service line,
2015,2015,6,W,2015-06-13,20:00,02:00,6.0,,,,,,,,Waterfire,
2015,2015,7,FC,2015-08-29,19:30,22:35,3.08,4,1,,6.19,6.0,,,Lower criteria to keep waterfire from flooding,
2015,2015,8,W,2015-09-26,21:00,01:00,4.0,,,,,,,100,"Waterfire, closed 9pm, openned 0100 on Sun",
2015,2015,9,FC,2015-09-30,08:56,13:30,4.57,4 5,2,,7.69,6.4,,,,
2015,2015,10,W,2015-10-03,13:00,24:00,11.0,,,,,,,,Waterfire,
2015,2015,11,FC,2015-10-28,08:45,11:06,2.35,3,1,,6.75,6.73,,,Closed in case of additional surge,
2015,2015,12,FC,2015-10-28,20:17,23:54,3.62,5,1,,7.22,6.48,,,,
2015,2015,13,FC,2015-10-29,08:27,12:25,3.97,3,1,,7.0,6.4,,,,
2015,2015,14,W,2015-11-07,17:00,00:30,7.5,,,,,,,,Waterfire,
2015,2015,15,W,2015-12-18,15:00,22:00,7.0,,,,,,,,Waterfire,
2016,2016,1,FC,2016-02-08,18:12,22:20,4.13,,1,,6.92,6.45,,,ran 1 pump,
2016,2016,2,FC,2016-02-09,06:30,11:30,5.0,,1,,7.76,6.32,,,ran 1 pump,
2016,2016,3,FC,2016-02-10,08:42,10:40,1.97,,1,,6.62,6.56,,,ran 1 pump,
2016,2016,4,W,2016-03-18,18:15,01:00,6.75,,,,,,,,Waterfire Event,
2016,2016,5,FC,2016-04-07,19:10,22:42,3.53,,2,,7.39,6.88,,,ran 2 pumps,
2016,2016,6,FC,2016-04-09,22:11,00:38,2.45,,1,,6.68,6.54,,,ran 1 pump,
2016,2016,7,FC,2016-05-05,19:05,21:33,2.47,,1,,6.59,6.56,,,ran 1 pump,
2016,2016,8,FC,2016-05-06,20:00,22:44,2.73,,1,,6.88,6.62,,,ran 1 pump,
2016,2016,9,FC,2016-05-07,20:35,23:41,3.1,3,1,,7.0,6.4,,,ran 1 pump,
2016,2016,10,W,2016-05-28,15:00,01:00,10.0,,,,,,,,Waterfire Event,
2016,2016,11,FC,2016-06-04,20:19,22:35,2.27,5,1,,6.76,6.48,,,ran 1 pump,
2016,2016,12,FC,2016-06-05,19:09,23:41,4.53,3,1,,7.24,6.31,,,ran 1 pump,
2016,2016,13,W,2016-09-24,16:30,02:30,10.0,,,,,,,,Waterfire Event,
2016,2016,14,FC,2016-10-17,08:55,11:36,2.68,4,1,,6.66,6.54,,,Ran 1 pump,
2016,2016,15,FC,2016-10-18,09:07,12:44,3.62,4,1,,7.15,6.67,,,Ran 1 pump,
2016,2016,16,FC,2016-10-19,10:33,13:27,2.9,3,1,,6.76,6.49,,,Ran 1 pump,
2016,2016,17,W,2016-11-05,13:00,02:00,13.0,,,,,,,,Waterfire Event,
2016,2016,18,FC,2016-11-15,07:26,10:24,2.97,2,1,,6.7,6.5,,,Ran 1 pump,
2016,2016,19,FC,2016-11-16,08:15,11:00,2.75,2,1,,7.15,6.67,,,Ran 1 pump,
2016,2016,20,FC,2016-12-14,07:20,10:02,2.7,2,1,,6.8,6.7,,,Ran 1 pump,
2017,2017,1,W,2017-04-28,21:30,23:30,2.0,,,,,,,,Waterfire Event,
2017,2017,2,W,2017-05-19,16:00,23:30,7.5,,,,,,,,Waterfire Event,
2017,2017,3,FC,2017-05-25,20:03,22:50,2.78,5,1,,7.17,6.66,,,ran 1 pump,
2017,2017,4,FC,2017-05-26,21:06,23:30,2.4,3,1,,7.07,6.86,,,ran 1 pump,
2017,2017,5,FC/W,2017-05-27,20:56,01:17,4.35,1,1,,6.9,5.74,,,"ran 1 pump, combined with Waterfire event",
2017,2017,6,FC,2017-06-23,19:15,22:13,2.97,3,1,,6.97,6.7,,,ran 1 pump,
2017,2017,7,W,2017-06-24,19:45,00:30,4.75,,,,,,,,Waterfire Event,
2017,2017,8,W,2017-07-14,13:00,01:00,12.0,,,,,,,,Waterfire Event,
2017,2017,9,W,2017-07-22,18:15,01:00,6.75,,,,,,,,Waterfire Event,
2017,2017,10,W,2017-09-30,15:45,01:30,9.75,,,,,,,,Waterfire Event,
2017,2017,11,FC,2017-11-05,07:55,10:57,3.03,3,1,,7.17,6.7,,,ran 1 pump,
2017,2017,12,FC,2017-12-05,08:22,11:35,3.22,1,1,,6.92,6.79,,,ran 1 pump,
2018,2018,1,FC,2018-03-02,07:46,10:10,2.4,5,1,,7.0,6.77,,,ran 1 pump,
2018,2018,2,FC,2018-03-03,07:59,12:02,4.05,3,1,,7.63,6.8,,,ran 1 pump,
2018,2018,3,FC,2018-03-03,20:05,00:09,4.07,3,1,,7.81,6.64,,,ran 1 pump,
2018,2018,4,FC,2018-03-04,08:24,12:25,4.02,5,1,,7.14,6.64,,,ran 1 pump,
2018,2018,5,FC,2018-03-04,21:16,00:17,3.02,3 5,2,,7.1,6.7,,,ran 2 pumps,
2018,2018,6,FC,2018-03-05,21:43,01:20,3.62,2,1,,6.98,6.5,,,ran 1 pump,
2018,2018,7,FC,2018-04-16,20:43,23:28,2.75,3,1,,6.8,6.7,,,ran 1 pump,
2018,2018,8,W,2018-09-08,17:45,00:30,6.75,,,,,,,,Waterfire Event,
2018,2018,9,FC,2018-09-10,08:28,11:26,2.97,3,1,,7.19,6.7,,,ran 1 pump,
2018,2018,10,FC,2018-09-10,20:47,23:40,2.88,5,1,,6.92,6.7,,,ran 1 pump,
2018,2018,11,W,2018-09-22,20:00,01:30,5.5,,,,,,,,Waterfire Event,
2018,2018,12,W,2018-09-29,12:00,23:00,11.0,,,,,,,,Waterfire Event,
2018,2018,13,FC,2018-10-27,09:45,12:50,3.08,2,1,,7.0,6.7,,,ran 1 pump,
2018,2018,14,W,2018-11-10,11:18,21:00,9.7,,,,,,,,Waterfire Event,
2019,2019,1,FC,2019-01-20,06:23,08:55,2.53,3,1,,7.06,6.8,,,ran 1 pump,
2019,2019,2,FC,2019-01-24,11:15,13:00,1.75,1,1,,6.9,6.57,,,ran 1 pump,
2019,2019,3,FC,2019-03-22,08:58,12:08,3.17,3,1,,6.97,6.48,,,ran 1 pump,
2019,2019,4,FC,2019-04-18,19:54,22:35,2.68,3,1,,7.02,6.77,,,ran 1 pump,
2019,2019,5,W,2019-06-12,18:30,01:30,7.0,,,,,,,,Waterfire Event,
2019,2019,6,W,2019-08-03,21:45,02:30,4.75,,,,,,,,Waterfire Event,
2019,2019,7,FC,2019-09-02,10:43,12:50,2.12,1,1,,6.8,6.7,,,ran 1 pump,
2019,2019,8,W,2019-09-28,19:30,23:00,3.5,,,,,,,,Waterfire Event,
2019,2019,9,W,2019-10-05,14:30,01:00,10.5,,,,,,,,Waterfire Event,
2019,2019,10,FC,2019-10-27,07:25,09:47,2.37,2,1,,7.01,6.8,,,ran 1 pump,
2019,2019,11,W,2019-11-02,13:00,01:00,12.0,,,,,,,,Waterfire Event,
2020,2020,1,T,2020-03-10,,,,1 2 3 4 5,5,,,,,,"Pump Testing, ran all 5 pumps",five packed marks read in order as pumps 1-5
2020,2020,2,FC,2020-03-13,11:30,13:20,1.83,4,1,,6.62,6.6,,,ran 1 pump,
2020,2020,3,FC,2020-04-07,19:52,22:39,2.78,3,1,,7.1,6.7,,,ran 1 pump,
2020,2020,4,FC,2020-04-08,20:36,23:39,3.05,2,1,,7.13,6.7,,,ran 1 pump,
2020,2020,5,FC,2020-05-06,19:35,22:29,2.9,5,1,,7.15,6.7,,,ran 1 pump,
2020,2020,6,FC,2020-05-07,19:50,23:20,3.5,3,1,,7.34,6.8,,,ran 1 pump,
2020,2020,7,FC,2020-09-30,07:28,10:37,3.15,3,1,,7.3,6.9,,,ran 1 pump,
2020,2020,8,FC,2020-11-16,07:39,10:36,2.95,3,1,,6.7,,,,ran 1 pump,
2021,2021,1,FC,2021-01-16,09:50,12:21,2.52,2,1,,7.79,7.6,,,ran 1 pump,
2021,2021,2,FC,2021-02-01,22:14,01:30,3.27,4,1,,6.98,6.7,,,ran 1 pump,
2021,2021,3,FC,2021-02-02,23:30,02:14,2.73,5,1,,6.92,6.74,,,ran 1 pump,
2021,2021,4,FC,2021-03-28,20:05,22:26,2.35,2,1,,6.85,6.8,,,ran 1 pump,
2021,2021,5,FC,2021-08-22,07:46,09:20,1.57,2,1,,6.7,6.51,,,ran 1 pump,
2021,2021,6,FC,2021-12-06,08:38,11:57,3.32,3,1,,6.9,6.77,,,ran 1 pump,
2022,2022,3,FC,2022-01-02,06:00,08:00,2.0,1,1,1:06:12/06:54,7.33,6.71,,,,
2022,2022,2,FC,2022-01-17,05:30,09:00,3.5,1,1,1:06:25/08:40,8.09,6.76,,,,
2022,2022,1,FC,2022-12-23,04:00,11:45,7.75,3 4,2,3:07:45/09:45; 4:05:15/07:00,9.38,6.4,,,,
2023,2023,1,T,2023-01-23,,,,3 4 5,3,,6.76,6.84,,,Transformers Test,Closed column marked X; no times on sheet
2023,2023,3,T,2023-02-06,,,,,2,,4.37,4.56,,,Transformers Test,"Closed column marked X; no times on sheet | 2 pump marks packed together; pump numbers not readable, count only | date out of sequence on the sheet"
2023,2023,2,W,2023-06-03,,,,,,,6.19,5.65,,,,Closed column marked X; no times on sheet
2023,2023,4,FC,2023-12-11,,,,,,,6.31,6.73,,,,Closed column marked X; no times on sheet
2023,2023,5,FC,2023-12-18,,,,,3,,9.37,7.14,,,,"Closed column marked X; no times on sheet | 3 pump marks packed together; pump numbers not readable, count only"
2024,2024,1,FC,2024-01-10,04:20,10:05,5.75,3 4 5,3,,8.44,7.28,,,,
2024,2024,2,FC,2024-01-13,06:50,12:10,5.33,1 2 3 4 5,5,,8.49,6.92,,,,
2024,2024,3,FC,2024-03-10,07:04,11:15,4.18,4,1,,7.78,6.84,,1413,1413 CFS,
2024,2024,4,T,2024-03-23,19:30,21:50,2.33,1 2 3 5,4,,7.19,7.05,,,Pump Test,
2024,2024,5,W,2024-06-01,18:36,22:00,3.4,,,,3.61,4.15,,,Waterfire,
2024,2024,6,T,2024-11-27,,,,1 2 3 4 5,5,,4.75,4.75,,,Pump Test,
2025,2025,1,T,2025-05-10,,,,1 2 3 4 5,5,,4.29,4.21,,,Pump Test,
