owner,address,ordinance,assessed_2024,tax_at_full_rate,billed,abated,annual_report_filed,status,note
CharterCare,Prospect CharterCare,2014-25 No. 315,114864000,4031726,2918528,1113198,Yes,report exhibit page,the report prints no full-rate column for this agreement; computed at $35.10
Intercontinental Fund (Blue Cross & Blue Shield),100-500 Exchange Street,2004-3 No. 3 2005-22 No. 110,68930600,2419464,1759481,659983,No,report exhibit page,
TFG Providence Center Property LLC (10 Memorial Blvd Owner LLC),10 Memorial Boulevard,2003-39 No. 531,59469900,2087393,1300000,787393,No,report exhibit page,
"EM 28 Providence Owner, L.P.",125 Clifford Street,2015-28 No. 400,57541400,2019703,3670,2016033,Yes,report exhibit page,
"Providence Innovation District Phase I, LLC",225 Dyer Street,2015-28 No. 400,49632100,1742087,252772,1489315,Yes,report exhibit page,
CV River House LLC,11 Point Street,2015-62 NO. 591,44542300,1563435,293013,1270422,No,report exhibit page,
RP Providence Owner LLC,1-5 Avenue of the Arts,2003-38 No. 530,43321100,1520571,879874,640697,Yes,report exhibit page,
262 LLC,80 Smith Street Admin,2015-28 No. 400,41145000,1444190,649086,795104,Yes,report exhibit page,
CV South Street Landing LLC,350 Eddy Street,2015-24 No. 370,38808400,1362175,434064,928111,No,report exhibit page,
Sharpe Building Associates LLC (Promenade Street Owner LLC c/o DSF Advisors LLC),25 Holden Street,2014-24 No. 314,38487600,1350915,787718,563197,No,report exhibit page,
110 North Main Street LLC,169 Canal Street,2017-17 No. 271,34618900,1215123,442770,772353,No,report exhibit page,
McInnis USA Inc,"39 New York Avenue (Tangible), CC-15",2016-8 No. 99,31733578,1113849,16311,1097538,,UNCONFIRMED,UNCONFIRMED. Listed in the report's index with no exhibit page; these figures are what the printed Table 1 totals leave over once the other 65 are subtracted (within $33 on assessed value). Not yet confirmed by the Internal Auditor.
78 Fountain JV Owner LLC,78 Fountain Street,2017-31 No. 329,30323300,1064348,326117,738231,No,report exhibit page,
"CC WCM-MP PO, LLC (CBWC Holdings I LLC)",180 Friendship,2015-28 No. 400,25596900,898451,102292,796159,Yes,report exhibit page,
Biltmore Providence Owner LLC,11 Dorrance Street,Sec. 21-235,24224700,850287,124506,725781,This is not a requirement for this property owner,report exhibit page,
"261, LLC",80 Smith Street CC,2005-17 No. 88,23359700,819925,411918,408007,Yes,report exhibit page,
Branch Holdings LLC,745 Branch Avenue,2018-74 No. 551,22169600,778153,355547,422606,Yes,report exhibit page,
"BAC CVP Aloft, LLC",A Loft,2015-28 No. 400,19485000,683924,9175,674749,Yes,report exhibit page,
Brown University,342 Eddy Street,2015-63 No. 592,16648700,584369,83286,501083,No,report exhibit page,
Fogarty Building - PRI XIII 100 Sabin Hotel Hotel LLC,111 Fountain Street,2017-56 No. 516,16236600,569905,380829,189076,Yes,report exhibit page,
Fountainview Owner LLC,75 Fountain Street,2016-14 No. 125,15413400,541010,440533,100477,No,report exhibit page,
High Rock Westminister St LLC,Superman Bldg,2022-59. No 372,14093500,494682,498910,-4228,No,report exhibit page,
Providence Capital III LLC,170 Westminster Street,2018-76 No. 553,12820100,449986,287954,162032,This is not a requirement for this property owner,report exhibit page,
HSRE_Hampshire Providence,145 Corliss Street,2018-73 No. 550,11068800,388515,147814,240701,Yes,report exhibit page,
PCHC Beaman and Smith Mill LLC,335R Prairie Avenue,2017-55 No. 515,10963200,384808,150000,234808,No,report exhibit page,
"220 Blackstone Street, LLC",220 Blackstone Street,2017-52 No. 492,10517500,369164,85983,283181,Yes,report exhibit page,
Exchange St Hotel LLC (Steeple Street LLC c/o First Bristol Corp),5 Exchange Street,2015-28 No. 400,10345300,363120,155354,207766,Yes,report exhibit page,
Hecht Development,95 Chestnut Street,Sec. 21-235,7960700,279421,21208,258213,This is not a requirement for this property owner,report exhibit page,
345 Harris Inc.,345 Harris Avenue,2017-54 No. 514,7633000,267918,94846,173072,Yes,report exhibit page,
Providence Capital Holdings LLC,185 Westminster Street,2018-75 No. 552,7252900,254577,229906,24671,No,report exhibit page,
1290 Westminster Street LLC,1292 Westminster Street,2019-6 No. 164,7182200,252095,136769,115326,Yes,report exhibit page,
Cromwell Ventures LLC,55 Cromwell Street,2015-33 No. 410,6945400,243784,60000,183784,This is not a requirement for this property owner,report exhibit page,
"Pearl Street, LLC",304 Pearl Street,"2015-29 No. 401, 2016-1 No.0",6544800,229722,208776,20946,Yes,report exhibit page,
McInnis USA Inc,39 New York Avenue (Real),2016-8 No. 99,6468100,227030,149840,77190,No,report exhibit page,
30 Kennedy Partners LLC,59 Westminster Street,2018-8 No. 234,4522300,158733,126081,32652,No,report exhibit page,
"FILI Investment, LLC",225 Waterman Street,"2015-29 No. 401, 2016-1 No.1",4504600,158111,101522,56589,Yes,report exhibit page,
Unison West Fountain,468 West Fountain Street,"2015-29 No. 401, 2016-1 No.10",4353200,152797,94907,57890,Yes,report exhibit page,
"Sprague Street Owner, LLC",50 Sprague Street,2018-47 No. 450,4292100,150653,84496,66157,Yes,report exhibit page,
HM Ventures Group LLC (HM Ventures Group 8 LLC),32 Custom House Street,2015-20 No. 356,4192100,147143,129529,17614,Yes,report exhibit page,
49 Westfield,49 Westfield LLC,2021-16 No 237,4150900,145697,54089,91608,No,report exhibit page,
Westminster Partners LLC,203 Westminster Street,2019-55 No. 541,3946000,138505,139688,-1183,Yes,report exhibit page,
"RCG Armory Parkview, LLC",35 Parade Street,2021-1 No. 73,3918200,137529,40510,97019,Yes,report exhibit page,
"530 Broadway, LLC",530 Broadway,"2015-29 No. 401, 2016-1 No.3",3915200,137424,106119,31305,Yes,report exhibit page,
HM Ventures Group 8 LLC,225 Weybosset Street,2017-1 No. 26,3225700,113222,77488,35734,No,report exhibit page,
Dean Hotel,122 Fountain Street,Sec. 21-235,3170200,111274,9601,101673,This is not a requirement for this property owner,report exhibit page,
180 GMC LLC,180 GMC BLVD,2024 -14 No. 201,3054000,107195,107195,0.0,No,report exhibit page,
"Federal Hill Partners, LLC (""FHP"")",14 Piedmont Street,"2015-29 No. 401, 2016-1 No.7",2911300,102187,66791,35396,Yes,report exhibit page,
8th Investment LLC,18 Eighth Street,"2015-29 No. 401, 2016-1 No.4",2852400,100119,72803,27316,Yes,report exhibit page,
"271 Tockwotten Partners, LLC",271 Tockwotten Street,"2015-29 No. 401, 2016-1 No.5",2713800,95254,76969,18285,Yes,report exhibit page,
8 Hewitt Street LLC,8 Hewitt Street,2022-32 No. 259,2694800,94587,27432,67155,Yes,report exhibit page,
Sampalis Realty LLC,203 Weybosset Street,2005-40 No. 353,2335400,81973,60555,21418,Yes,report exhibit page,
"Matilda Pines, LLC",Matilda Pines,2022-33 No. 260,2054900,72127,10343,61784,Yes,report exhibit page,
"Tavares, LLC",1017 Broad Street,N/ A,1704200,59817,50009,9808,Yes,report exhibit page,
Weybosset LLC,259 Weybosset Street,2017-32 No. 330,1550200,54412,40839,13573,No,report exhibit page,
Batwitwash LLC,473 Washington Street,2019-54 No. 522,1447300,50800,25296,25504,No,report exhibit page,
"Presidio 156, LLC",156 Westminster Street,"2015-29 No. 401, 2016-1 No.6",1269300,44552,48147,-3595,Yes,report exhibit page,
"Seventy One Richmond, LLC",Seventy One Richmond,2022-73 No. 430,1212100,42545,40579,1966,Yes,report exhibit page,
Music House LLC,103 Dike Street,Sec. 21-235,1058200,37143,11723,25420,This is not a requirement for this property owner,report exhibit page,
"Wide Plank, LLC",193 Vinton Street,"2015-29 No. 401, 2016-1 No.9",650100,22819,14774,8045,Yes,report exhibit page,
Art recreation Center (RCG Armory Firehouse LLC),41 Central Street,2007-22 No. 215,614900,21583,12257,9326,No,report exhibit page,
E2000,E2000,2022-72 No. 429,578000,20288,20461,-173,No,report exhibit page,
"101 Richmond, LLC",101 Richmond,2024-2 No. 932022-66 No.423,562800,19754,19924,-170,No,report exhibit page,
"FTC Realty, LLC",292 Academy Avenue,"2015-29 No. 401, 2016-1 No.2",558100,19589,17706,1883,Yes,report exhibit page,
"46 Dike Street Holdings, LLC (""DSH"")",46 Dike Street,"2015-29 No. 401, 2016-1 No.8",474700,16662,15631,1031,Yes,report exhibit page,
"Touchdown Realty Group, LLC",126 Adelaide Avenue,52-351,443989,15584,15584,0.0,Yes,report exhibit page,assessment cell blank in the report; implied by the bill at $35.10
Power 250 LLC,165 Gano Strreet,2024-13 No. 200,250500,8793,8793,0.0,Yes,report exhibit page,
321 Knight Street. LLC,321 Knight Street,2021-50 No. 426,193400,6788,11165,-4377,Yes,report exhibit page,
