city,institution,owner_type,exempt_value_on_roll,commercial_rate_per_1000,tax_at_full_rate,quarter_of_tax,city_value_basis,city_asked,paid_cash,credited,payment_year,city_pct_met,roll_match_incomplete
Providence,Brown University,university,1871494800,29.2,54647648,13661912,,,11100000,,FY2025,,
Providence,Brown University Health,hospital,1055394800,29.2,30817528,7704382,,,750000,,FY2025,,
Providence,Providence Place,business_entity,730796600,29.2,21339261,5334815,,,1000000,,approx.,,
Providence,Providence College,university,575472600,29.2,16803800,4200950,,,739500,,FY2025,,
Providence,Johnson & Wales,university,421504400,29.2,12307928,3076982,,,612000,,FY2025,,
Providence,RISD,university,411035100,29.2,12002225,3000556,,,612000,,FY2025,,
Providence,Care New England,hospital,385579800,29.2,11258930,2814733,,,350000,,2024,,
Boston,Boston University,university,4114196988,26.96,110918751,27729688,2623275024,24810382,6300000,12405191,FY2025,77.0,False
Boston,Harvard University,university,3856840399,26.96,103980417,25995104,1524362253,14607248,4224933,7303624,FY2025,79.0,False
Boston,Massachusetts General Hospital,hospital,3687225899,26.96,99407610,24851903,1786998579,17172699,6875005,8586350,FY2025,90.0,False
Boston,Northeastern University,university,3073182796,26.96,82853008,20713252,1442078481,13793576,1900000,6896788,FY2025,66.0,False
Boston,Brigham and Women's Hospital,hospital,2331517601,26.96,62857715,15714429,820202335,7798680,3024526,3899340,FY2025,89.0,False
Boston,Boston Children's Hospital,hospital,2060084800,26.96,55539886,13884972,1146783863,10250257,2186243,7687693,FY2025,100.0,False
Boston,Beth Israel Deaconess Medical Center,hospital,1172963081,26.96,31623085,7905771,816793701,7765435,3882718,3882718,FY2025,100.0,False
Boston,Boston College,university,800157340,26.96,21572242,5393060,536095300,5050027,438509,0,FY2025,22.0,False
Boston,Boston Medical Center,hospital,790757200,26.96,21318814,5329704,283426800,2244342,0,1683257,FY2025,75.0,False
Boston,Dana-Farber Cancer Institute,hospital,668038100,26.96,18010307,4502577,373291603,3385666,1692833,1692833,FY2025,100.0,False
Boston,Tufts Medical Center,hospital,615607600,26.96,16596781,4149195,456821900,4148249,150000,2074124,FY2025,54.0,False
Boston,Emerson College,university,452197699,26.96,12191250,3047812,266674500,2427998,141591,1213999,FY2025,56.0,False
Boston,Emmanuel College,university,394673800,26.96,10640406,2660101,194556700,1740116,170000,870058,FY2025,60.0,False
Boston,Faulkner Brigham and Women's,hospital,374875000,26.96,10106630,2526658,162003500,1424637,570074,712318,FY2025,90.0,False
Boston,Wentworth Institute of Technology,university,368925411,26.96,9946229,2486557,213771069,1916718,0,958359,FY2025,50.0,False
Boston,Simmons University,university,361951600,26.96,9758215,2439554,139730000,1208780,100000,604390,FY2025,58.0,False
Boston,Suffolk University,university,339435000,26.96,9151168,2287792,242932500,2124390,572752,1062195,FY2025,77.0,False
Boston,Berklee College of Music,university,337395301,26.96,9096177,2274044,173943523,1540350,385088,770175,FY2025,86.0,False
Boston,Tufts University,university,325516399,26.96,8775922,2193981,151374962,1310722,450000,655361,FY2025,84.0,False
Boston,Massachusetts College of Pharmacy,university,234212500,26.96,6314369,1578592,109297000,913849,456924,456924,FY2025,100.0,False
Boston,New England Baptist Hospital,hospital,222494497,26.96,5998452,1499613,132181873,1135630,370872,567815,FY2025,83.0,False
Boston,Shriners Hospitals for Children Boston,hospital,214899900,26.96,5793701,1448425,106097400,882841,0,0,FY2025,0.0,False
Boston,Joslin Diabetes Center,hospital,171687900,26.96,4628706,1157176,86293700,690920,0,0,FY2025,0.0,False
Boston,Massachusetts Eye & Ear Infirmary,hospital,155613700,26.96,4195345,1048836,116908100,987609,436452,493805,FY2025,94.0,False
Boston,Franciscan Children's Hospital,hospital,142677200,26.96,3846577,961644,50402000,343087,0,171544,FY2025,50.0,False
Boston,Spaulding Rehabilitation Hospital,hospital,101995100,26.96,2749788,687447,159368900,1396567,581240,673216,FY2025,90.0,False
Boston,Longwood Collective,cultural,97715500,26.96,2634410,658602,50947000,348369,174184,174184,FY2025,100.0,False
Boston,Winsor School,school,84997600,26.96,2291535,572884,41283900,254722,0,127361,FY2025,50.0,False
Boston,New England Conservatory,university,81165900,26.96,2188233,547058,29747000,142916,0,71458,FY2025,50.0,False
Boston,Roxbury Latin School,school,74349600,26.96,2004465,501116,52896200,367259,0,183629,FY2025,50.0,False
Boston,Fisher College,university,65955597,26.96,1778163,444541,42819500,269604,0,134802,FY2025,50.0,False
Boston,GBH (WGBH),cultural,56835100,26.96,1532274,383069,49902500,338246,169123,169123,FY2025,100.0,False
Boston,Showa Institute,university,55755200,26.96,1503160,375790,36073778,204230,102115,102115,FY2025,100.0,False
Boston,Boston College High School,school,54186900,26.96,1460879,365220,27176500,118005,0,59002,FY2025,50.0,False
Boston,Boston Symphony Orchestra,cultural,51837698,26.96,1397544,349386,28072562,126689,63344,63344,FY2025,100.0,False
Boston,Hebrew Rehabilitation Center,hospital,43526800,26.96,1173483,293371,41744000,259181,34787,129590,FY2025,63.0,False
Boston,New England College of Optometry,university,33707800,26.96,908762,227191,25065500,97547,48773,48773,FY2025,100.0,False
Boston,Boston Architectural College,university,19074700,26.96,514254,128563,19056500,39312,19656,19656,FY2025,100.0,False
