town,goal_2026_2030,base_mean_abs_gap_2018_23,state24,census24,gap24,state_multi24,census_multi24,state25,census25,gap25,state_multi25,census_multi25,census_months24,census_months25,survey_complete25
Barrington,128,2.3,7,5,2,0,0,18,9,9,2,2,12,12,True
Bristol,289,2.8,15,14,1,0,0,139,11,128,127,0,12,12,True
Burrillville,134,12.3,36,36,0,0,0,30,27,3,0,0,12,12,True
Central Falls,328,1.0,38,27,11,35,25,92,65,27,81,64,12,12,True
Charlestown,108,0.0,12,12,0,0,0,45,19,26,6,4,12,12,True
Coventry,448,0.0,103,58,45,27,10,49,50,-1,0,4,0,0,False
Cranston,1367,1.2,51,51,0,4,4,158,59,99,114,9,12,12,True
Cumberland,451,16.3,28,25,3,2,6,89,61,28,58,40,12,12,True
East Greenwich,111,15.8,17,9,8,0,0,5,20,-15,1,16,12,12,True
East Providence,888,7.3,158,126,32,141,110,268,268,0,233,233,12,12,True
Exeter,53,1.0,7,7,0,0,0,32,9,23,2,0,11,12,True
Foster,37,0.0,13,5,8,2,0,11,6,5,0,0,0,0,True
Glocester,84,0.3,33,37,-4,14,16,17,17,0,4,0,0,12,True
Hopkinton,72,0.5,23,22,1,2,2,12,12,0,0,0,12,12,True
Jamestown,62,1.2,25,22,3,0,0,9,7,2,0,0,0,12,True
Johnston,375,0.0,86,21,65,0,0,68,18,50,11,0,0,0,False
Lincoln,286,10.8,98,78,20,58,34,237,101,136,222,92,0,12,True
Little Compton,48,0.0,10,10,0,0,0,12,14,-2,0,0,12,11,True
Middletown,161,0.0,130,16,114,118,0,133,29,104,97,7,12,12,True
Narragansett,197,0.0,6,6,0,0,0,15,11,4,0,0,12,12,True
New Shoreham,36,2.0,12,13,-1,2,2,12,12,0,0,0,12,12,True
Newport,539,18.8,25,12,13,12,0,59,9,50,45,0,0,0,True
North Kingstown,488,1.7,94,95,-1,40,40,178,50,128,125,0,12,12,True
North Providence,478,2.7,7,7,0,3,3,7,0,7,0,0,12,12,False
North Smithfield,107,3.0,37,37,0,30,30,35,4,31,30,0,12,12,False
Pawtucket,1353,4.0,161,2,159,152,2,190,2,188,147,0,12,12,True
Portsmouth,172,9.8,123,117,6,65,54,91,56,35,58,48,12,12,True
Providence,3010,360.2,622,269,353,571,238,778,324,454,688,292,12,12,True
Richmond,63,16.0,16,22,-6,10,10,11,12,-1,6,6,12,12,True
Scituate,85,0.0,8,10,-2,0,0,25,18,7,0,0,12,12,True
Smithfield,240,1.7,25,25,0,0,0,30,30,0,0,16,12,12,True
South Kingstown,413,2.0,74,86,-12,23,23,72,87,-15,8,14,12,12,True
Tiverton,156,5.3,18,3,15,4,0,17,16,1,2,0,8,12,True
Warren,110,0.0,26,6,20,18,0,52,56,-4,6,52,12,12,False
Warwick,1545,0.0,317,317,0,249,249,416,119,297,331,34,12,12,True
West Greenwich,52,1.7,5,5,0,0,0,10,4,6,0,0,12,12,True
West Warwick,432,0.2,76,82,-6,68,74,167,55,112,160,51,12,12,True
Westerly,397,3.5,36,36,0,0,0,40,43,-3,2,0,12,12,True
Woonsocket,593,6.7,77,26,51,41,0,149,28,121,132,24,12,12,True
