agreement_uid,type,owner_uid,institution,signed,term,supersedes,fiscal_year,scheduled_cash,community_benefit_goal,source_file
bos:mou-2026:bu,pilot_mou,bos:bu,Boston University,2026-06-23,FY2026-FY2030,all previous PILOT agreements between the parties,2026,6700000,12715321,Boston_University_MOU_FY26.pdf
bos:mou-2026:bu,pilot_mou,bos:bu,Boston University,2026-06-23,FY2026-FY2030,all previous PILOT agreements between the parties,2027,7100000,13033204,Boston_University_MOU_FY26.pdf
bos:mou-2026:bu,pilot_mou,bos:bu,Boston University,2026-06-23,FY2026-FY2030,all previous PILOT agreements between the parties,2028,7500000,13359034,Boston_University_MOU_FY26.pdf
bos:mou-2026:bu,pilot_mou,bos:bu,Boston University,2026-06-23,FY2026-FY2030,all previous PILOT agreements between the parties,2029,7900000,13693010,Boston_University_MOU_FY26.pdf
bos:mou-2026:bu,pilot_mou,bos:bu,Boston University,2026-06-23,FY2026-FY2030,all previous PILOT agreements between the parties,2030,8300000,14035335,Boston_University_MOU_FY26.pdf
bos:mou-2026:wentworth,pilot_mou,bos:wentworth,Wentworth Institute of Technology,2026-08-18,FY2027-FY2031,prior arrangements under the December 2010 PILOT Task Force Final Report,2027,50000,982318,Wentworth_PILOT_Agreement_2026.pdf
bos:mou-2026:wentworth,pilot_mou,bos:wentworth,Wentworth Institute of Technology,2026-08-18,FY2027-FY2031,prior arrangements under the December 2010 PILOT Task Force Final Report,2028,50000,1011788,Wentworth_PILOT_Agreement_2026.pdf
bos:mou-2026:wentworth,pilot_mou,bos:wentworth,Wentworth Institute of Technology,2026-08-18,FY2027-FY2031,prior arrangements under the December 2010 PILOT Task Force Final Report,2029,75000,1042141,Wentworth_PILOT_Agreement_2026.pdf
bos:mou-2026:wentworth,pilot_mou,bos:wentworth,Wentworth Institute of Technology,2026-08-18,FY2027-FY2031,prior arrangements under the December 2010 PILOT Task Force Final Report,2030,100000,1073405,Wentworth_PILOT_Agreement_2026.pdf
bos:mou-2026:wentworth,pilot_mou,bos:wentworth,Wentworth Institute of Technology,2026-08-18,FY2027-FY2031,prior arrangements under the December 2010 PILOT Task Force Final Report,2031,125000,1105608,Wentworth_PILOT_Agreement_2026.pdf
