owner_uid,name,owner_type,exempt_parcels,exempt_value,agreement_parcels,agreement_value,taxed_parcels,taxed_value,tax_billed,agreement_fiscal_year,agreement_value_basis,agreement_requested,agreement_cash,agreement_credit,agreement_pct_met,stabilization_agreements,stabilization_billed,stabilization_abated
bos:gov-city,City of Boston,government,2327,8972943258,1,12022,4,5315100,142307.93,,,,,,,0,0,0
bos:gov-ma,Commonwealth of Massachusetts,government,478,6786304600,3,10420000,0,0,0.0,,,,,,,0,0,0
bos:bu,Boston University,university,292,4114196988,0,0,84,124110000,2591835.37,2025,2623275024,24810382,6300000,12405191,77,0,0,0
bos:harvard,Harvard University,university,43,3856840399,0,0,27,411990200,10310548.6,2025,1524362253,14607248,4224933,7303624,79,0,0,0
bos:mgh,Massachusetts General Hospital,hospital,51,3687225899,0,0,14,73082600,1968516.04,2025,1786998579,17172699,6875005,8586350,90,0,0,0
bos:northeastern,Northeastern University,university,60,3073182796,0,0,27,173989798,2469914.13,2025,1442078481,13793576,1900000,6896788,66,0,0,0
bos:gov-us,United States,government,61,2408721102,0,0,0,0,0.0,,,,,,,0,0,0
bos:bwh,Brigham and Women's Hospital,hospital,23,2331517601,0,0,3,6594900,177798.5,2025,820202335,7798680,3024526,3899340,89,0,0,0
bos:childrens,Boston Children's Hospital,hospital,13,2060084800,0,0,2,4630300,124832.88,2025,1146783863,10250257,2186243,7687693,100,0,0,0
bos:gov-massport,Massachusetts Port Authority,government,175,1900932900,2,10504000,1,28299200,762946.43,,,,,,,0,0,0
bos:gov-bha,Boston Housing Authority,government,185,1222202485,1,29800,0,0,0.0,,,,,,,0,0,0
bos:bidmc,Beth Israel Deaconess Medical Center,hospital,12,1172963081,0,0,5,12310800,331899.16,2025,816793701,7765435,3882718,3882718,100,0,0,0
bos:gov-bpda,Boston Planning & Development Agency,government,147,878825573,1,9281800,0,0,0.0,,,,,,,0,0,0
bos:bc,Boston College,university,14,800157340,0,0,205,78810400,977248.96,2025,536095300,5050027,438509,0,22,0,0,0
bos:bmc,Boston Medical Center,hospital,10,790757200,0,0,4,52314700,1410404.31,2025,283426800,2244342,0,1683257,75,0,0,0
bos:gov-mccah,Massachusetts Convention Center Authority,government,13,735405901,0,0,0,0,0.0,,,,,,,0,0,0
bos:dfci,Dana-Farber Cancer Institute,hospital,8,668038100,0,0,1,7974700,214997.91,2025,373291603,3385666,1692833,1692833,100,0,0,0
bos:tufts-mc,Tufts Medical Center,hospital,10,615607600,0,0,3,6131700,165310.63,2025,456821900,4148249,150000,2074124,54,0,0,0
bos:emerson,Emerson College,university,17,452197699,0,0,6,23276100,542747.48,2025,266674500,2427998,141591,1213999,56,0,0,0
bos:emmanuel,Emmanuel College,university,6,394673800,0,0,0,0,0.0,2025,194556700,1740116,170000,870058,60,0,0,0
bos:faulkner,Faulkner Brigham and Women's,hospital,8,374875000,0,0,1,6474700,174557.91,2025,162003500,1424637,570074,712318,90,0,0,0
bos:wentworth,Wentworth Institute of Technology,university,46,368925411,0,0,1,544500,14679.72,2025,213771069,1916718,0,958359,50,0,0,0
bos:simmons,Simmons University,university,9,361951600,0,0,2,11620300,313283.28,2025,139730000,1208780,100000,604390,58,0,0,0
bos:suffolk,Suffolk University,university,10,339435000,0,0,4,7601800,204944.52,2025,242932500,2124390,572752,1062195,77,0,0,0
bos:berklee,Berklee College of Music,university,30,337395301,0,0,9,29430200,637777.24,2025,173943523,1540350,385088,770175,86,0,0,0
bos:tufts,Tufts University,university,43,325516399,0,0,1,1098200,29607.47,2025,151374962,1310722,450000,655361,84,0,0,0
bos:mcphs,Massachusetts College of Pharmacy,university,4,234212500,0,0,3,10714900,141097.39,2025,109297000,913849,456924,456924,100,0,0,0
bos:nebh,New England Baptist Hospital,hospital,27,222494497,0,0,4,11306400,301244.61,2025,132181873,1135630,370872,567815,83,0,0,0
bos:shriners,Shriners Hospitals for Children Boston,hospital,3,214899900,0,0,0,0,0.0,2025,106097400,882841,0,0,0,0,0,0
bos:joslin,Joslin Diabetes Center,hospital,1,171687900,0,0,1,6093500,164280.76,2025,86293700,690920,0,0,0,0,0,0
bos:meei,Massachusetts Eye & Ear Infirmary,hospital,2,155613700,0,0,3,2639700,56033.62,2025,116908100,987609,436452,493805,94,0,0,0
bos:franciscan,Franciscan Children's Hospital,hospital,2,142677200,0,0,0,0,0.0,2025,50402000,343087,0,171544,50,0,0,0
bos:spaulding,Spaulding Rehabilitation Hospital,hospital,16,101995100,0,0,0,0,0.0,2025,159368900,1396567,581240,673216,90,0,0,0
bos:longwood,Longwood Collective,cultural,1,97715500,0,0,1,7488600,201892.66,2025,50947000,348369,174184,174184,100,0,0,0
bos:winsor,Winsor School,school,4,84997600,0,0,0,0,0.0,2025,41283900,254722,0,127361,50,0,0,0
bos:nec,New England Conservatory,university,3,81165900,0,0,2,1791700,28482.25,2025,29747000,142916,0,71458,50,0,0,0
bos:roxbury-latin,Roxbury Latin School,school,9,74349600,0,0,23,13820100,171369.24,2025,52896200,367259,0,183629,50,0,0,0
bos:fisher,Fisher College,university,12,65955597,0,0,4,10741200,141676.45,2025,42819500,269604,0,134802,50,0,0,0
bos:gbh,GBH (WGBH),cultural,3,56835100,0,0,2,12243000,330071.28,2025,49902500,338246,169123,169123,100,0,0,0
bos:showa,Showa Institute,university,8,55755200,0,0,1,6522500,175846.6,2025,36073778,204230,102115,102115,100,0,0,0
bos:bc-high,Boston College High School,school,1,54186900,0,0,0,0,0.0,2025,27176500,118005,0,59002,50,0,0,0
bos:bso,Boston Symphony Orchestra,cultural,7,51837698,0,0,1,2728100,73549.58,2025,28072562,126689,63344,63344,100,0,0,0
bos:hebrew-rehab,Hebrew Rehabilitation Center,hospital,1,43526800,0,0,3,863700,23285.34,2025,41744000,259181,34787,129590,63,0,0,0
bos:neco,New England College of Optometry,university,6,33707800,0,0,0,0,0.0,2025,25065500,97547,48773,48773,100,0,0,0
bos:bac,Boston Architectural College,university,2,19074700,0,0,0,0,0.0,2025,19056500,39312,19656,19656,100,0,0,0
